time,players,tidi,tidi_fastavg,tidi_avg,tidi_slowavg,maptick,num_timers,air_turf_cost,air_eg_cost,air_highpressure_cost,air_hotspots_cost,air_superconductivity_cost,air_pipenets_cost,air_rebuilds_cost,air_turf_count,air_eg_count,air_hotspot_count,air_network_count,air_delta_count,air_superconductive_count,all_queries,queries_active,queries_standby,send_maps,send_maps_count,initial_house,initial_house_count,cleanup,cleanup_count,client_loop,client_loop_count,per_client,per_client_count,deleted_images,deleted_images_count,hud_update,hud_update_count,statpanel_update,statpanel_update_count,map_data,map_data_count,check_eye_pos,check_eye_pos_count,update_chunks,update_chunks_count,turfmap_updates,turfmap_updates_count,changed_turfs,changed_turfs_count,turf_chunk_info,turf_chunk_info_count,obj_changes,obj_changes_count,mob_changes,mob_changes_count,send_turf_vis_conts,send_turf_vis_conts_count,pending_animations,pending_animations_count,look_for_movable_changes,look_for_movable_changes_count,check_turf_vis_conts,check_turf_vis_conts_count,check_hud/image_vis_contents,check_hud/image_vis_contents_count,turfs_in_range,turfs_in_range_count,movables_examined,movables_examined_count
255,1,0,0,0,0,0.171417,86,0,0,0,0,0,0,0,3096,0,0,197,0,0,3,0,0,0.0344021,424,0.0143147,424,0.0034081,424,0.0166166,424,0.015838,424,9.34e-005,424,0.0003706,26,0.0002182,53,0.0151149,424,0.0009987,424,0.0006044,424,0,0,0.0014759,19,0.0001669,424,0.0004864,424,0.0036616,424,0.0001336,424,4.06e-005,424,0.0073391,424,0.000904,424,0.0046399,424,0.0015694,424,39432,424
355,1,186,55.8,11.16,1.116,0.130569,0,0,0,0,0,0,0,0,3096,0,0,197,0,0,0,0,0,0.046523,624,0.0152131,624,0.0054863,624,0.0257428,624,0.0245977,624,0.0001419,624,0.0009452,46,0.0003106,78,0.0231383,624,0.0015777,624,0.0008791,624,0,0,0.0014759,19,0.0002474,624,0.0006955,624,0.0055564,624,0.0002252,624,5.88e-005,624,0.0121139,624,0.0016242,624,0.007655,624,0.0024551,624,64816,624
455,1,26,46.86,18.3,2.8344,0.103676,0,0,0,0,0,0,0,0,3096,0,0,197,0,0,0,0,0,0.0606169,824,0.015352,824,0.0076635,824,0.0375096,824,0.0359108,824,0.0002066,824,0.0012067,58,0.0004251,103,0.0339872,824,0.0023222,824,0.001203,824,0,0,0.0014759,19,0.000343,824,0.000886,824,0.0076553,824,0.0003106,824,8.03e-005,824,0.0192679,824,0.0028644,824,0.0122999,824,0.0035337,824,96816,824
555.5,1,15.4229,37.4289,22.1258,4.76354,0.123489,0,0,0,0,0,0,0,0,3096,0,0,197,0,0,0,0,0,0.0736099,1025,0.0154951,1025,0.0095289,1025,0.0484837,1025,0.0464566,1025,0.0002706,1025,0.0014718,71,0.000526,128,0.0440821,1025,0.0030116,1025,0.0015865,1025,0,0,0.0014759,19,0.0004276,1025,0.0010333,1025,0.0096141,1025,0.0003861,1025,0.0001025,1025,0.0258909,1025,0.0039087,1025,0.0167526,1025,0.0044426,1025,128976,1025
655,1,22.6131,32.9841,24.2974,6.71693,0.11985,0,0,0,0,0,0,0,0,3096,0,0,197,0,0,0,0,0,0.0868721,1224,0.0156441,1224,0.0115547,1224,0.0595594,1224,0.0570892,1224,0.0003302,1224,0.0017791,84,0.0006287,153,0.054223,1224,0.0036738,1224,0.0019235,1224,0,0,0.0014759,19,0.0005144,1224,0.0011892,1224,0.0116512,1224,0.0004779,1224,0.0001228,1224,0.0325271,1224,0.0050338,1224,0.0211554,1224,0.005395,1224,160816,1224
755,1,11,26.3889,24.7157,8.51681,0.0943069,0,0,0,0,0,0,0,0,3096,0,0,197,0,0,0,0,0,0.0963369,1424,0.0157826,1424,0.0132356,1424,0.0671928,1424,0.0643679,1424,0.0003862,1424,0.0023025,108,0.0007253,178,0.0608053,1424,0.0042345,1424,0.0021959,1424,0,0,0.0014759,19,0.0005892,1424,0.0014089,1424,0.0133777,1424,0.0005499,1424,0.0001426,1424,0.0360635,1424,0.0055181,1424,0.0232696,1424,0.0062377,1424,179711,1424
855,1,13,22.3722,24.247,10.0898,0.17144,0,0,0,0,0,0,0,0,3096,0,0,197,0,0,0,0,0,0.109819,1624,0.016,1624,0.0158247,1624,0.0778524,1624,0.0744288,1624,0.000464,1624,0.0026069,120,0.000879,203,0.0703048,1624,0.0050517,1624,0.0026061,1624,0,0,0.0014759,19,0.0006956,1624,0.0015868,1624,0.0158821,1624,0.0006444,1624,0.0001638,1624,0.041291,1624,0.0063511,1624,0.0263771,1624,0.0074031,1624,197511,1624
955,1,0,15.6606,22.5297,11.3338,0.164104,0,0,0,0,0,0,0,0,3096,0,0,197,0,0,0,0,0,0.122033,1824,0.0161959,1824,0.0182936,1824,0.0873904,1824,0.0835169,1824,0.000533,1824,0.0028369,133,0.0009934,228,0.0789493,1824,0.005733,1824,0.0029847,1824,0,0,0.0014759,19,0.0007948,1824,0.0017491,1824,0.0181153,1824,0.0007491,1824,0.0001824,1824,0.046136,1824,0.0070612,1824,0.0292724,1824,0.0085103,1824,215311,1824
1055,1,10,13.9624,20.8163,12.2821,0.0936394,27,13.0574,0.193405,0.290083,0.00375316,0.00330384,8.2568,0,99,13,0,197,0,0,0,0,0,0.135972,2024,0.0190665,2024,0.0202148,2024,0.096526,2024,0.0922441,2024,0.0006048,2024,0.0030833,147,0.0011196,253,0.0872066,2024,0.0063287,2024,0.0032989,2024,0,0,0.0015195,21,0.000894,2024,0.0019048,2024,0.0199939,2024,0.0008322,2024,0.0002022,2024,0.0510937,2024,0.007765,2024,0.0324753,2024,0.0094488,2024,233111,2024
1155,1,0,9.77367,18.6077,12.9146,0.107771,28,6.50063,0.51259,0.150525,0.00394788,0.00451725,8.63187,0,56,11,0,197,0,0,0,0,0,0.144984,2224,0.0197112,2224,0.0217544,2224,0.103343,2224,0.0986797,2224,0.000654,2224,0.0032595,160,0.0012018,278,0.0933115,2224,0.0067826,2224,0.0035868,2224,0,0,0.0015195,21,0.0009749,2224,0.002097,2224,0.0215747,2224,0.0009026,2224,0.0002262,2224,0.0543907,2224,0.0082065,2224,0.0344137,2224,0.0102713,2224,250911,2224
1255,1,0,6.84157,16.2545,13.2486,0.0915031,27,5.16835,0.28105,0.118266,0.00449013,0.00289092,8.31479,0,55,8,0,197,0,0,0,0,0,0.1541,2424,0.0204195,2424,0.0233867,2424,0.110108,2424,0.105087,2424,0.0007013,2424,0.0033996,172,0.0012787,303,0.09943,2424,0.0072306,2424,0.0038694,2424,0,0,0.0015195,21,0.0010587,2424,0.0022287,2424,0.0232934,2424,0.0009762,2424,0.000242,2424,0.0576644,2424,0.0086589,2424,0.0363776,2424,0.0110303,2424,268711,2424
1355,1,1,5.0891,14.0214,13.3259,0.183937,27,5.66524,0.489254,0.149451,0.00709886,0.00398503,10.4981,0,55,8,0,197,0,0,0,0,0,0.168945,2624,0.0221869,2624,0.02599,2624,0.12057,2624,0.114971,2624,0.0007673,2624,0.0036972,185,0.0014166,328,0.108771,2624,0.0078928,2624,0.0042646,2624,0,0,0.0015462,22,0.0011736,2624,0.0024114,2624,0.025756,2624,0.0010724,2624,0.0002631,2624,0.0629023,2624,0.0095009,2624,0.0395063,2624,0.0121796,2624,286511,2624
1455,1,1,3.86237,11.9896,13.1923,0.12775,28,6.01004,0.500247,0.14576,0.00735621,0.0041156,10.2563,0,54,8,0,197,0,0,0,0,0,0.181893,2824,0.0231629,2824,0.0283542,2824,0.130166,2824,0.124077,2824,0.0008285,2824,0.0038693,197,0.0015351,353,0.11749,2824,0.0085474,2824,0.0046174,2824,0,0,0.0015462,22,0.0012812,2824,0.0025865,2824,0.0280709,2824,0.0011709,2824,0.0002815,2824,0.0677827,2824,0.0102098,2824,0.0423162,2824,0.0134103,2824,304311,2824
1555,1,0,2.70366,10.1324,12.8863,0.134069,28,5.1273,0.344187,0.125081,0.00514197,0.00521014,9.62902,0,51,12,0,197,0,0,0,0,0,0.194832,3024,0.0241089,3024,0.0307675,3024,0.139733,3024,0.133148,3024,0.0008923,3024,0.0041004,210,0.0016469,378,0.126125,3024,0.0091548,3024,0.0049735,3024,0,0,0.0015462,22,0.0013853,3024,0.0029024,3024,0.0303175,3024,0.0012544,3024,0.0003006,3024,0.0725574,3024,0.011034,3024,0.0450334,3024,0.0145098,3024,322111,3024
1655,1,0,1.89256,8.48445,12.4461,0.125233,28,5.2403,0.345519,0.139863,0.00533184,0.00412676,11.3886,0,44,7,0,197,0,0,0,0,0,0.206507,3224,0.0249836,3224,0.0328745,3224,0.148415,3224,0.141393,3224,0.0009646,3224,0.0042633,222,0.001752,403,0.134004,3224,0.0097645,3224,0.0053649,3224,0,0,0.0015462,22,0.0014803,3224,0.00312,3224,0.0323647,3224,0.0013351,3224,0.0003195,3224,0.0768593,3224,0.0117066,3224,0.0476004,3224,0.0154577,3224,339911,3224
1755,1,2,1.92479,7.17252,11.9187,0.113836,27,4.74561,0.295121,0.110868,0.00497758,0.00347058,10.4764,0,35,6,0,197,0,0,0,0,0,0.220689,3424,0.0258648,3424,0.0354261,3424,0.159152,3424,0.151595,3424,0.001048,3424,0.0044676,235,0.001857,428,0.143784,3424,0.0104779,3424,0.0057759,3424,0,0,0.0015462,22,0.001607,3424,0.0033426,3424,0.0347689,3424,0.001436,3424,0.000341,3424,0.0825006,3424,0.0125684,3424,0.0509681,3424,0.0167406,3424,357711,3424
1855,1,0,1.34735,6.00749,11.3276,0.131748,27,6.48841,0.338243,0.14351,0.00582849,0.00428102,11.2264,0,51,8,0,197,0,0,0,0,0,0.235213,3624,0.027004,3624,0.0380583,3624,0.169894,3624,0.1618,3624,0.0011185,3624,0.0046945,247,0.0019876,453,0.153531,3624,0.0111691,3624,0.006187,3624,0,0,0.0015462,22,0.0017248,3624,0.0035637,3624,0.0373808,3624,0.0015355,3624,0.0003639,3624,0.0879187,3624,0.0134538,3624,0.0542091,3624,0.0179072,3624,375511,3624
1955,1,1,1.24315,5.05462,10.7003,0.104897,27,4.92434,0.29236,0.11809,0.00497171,0.0036082,11.0293,0,45,8,0,197,0,0,0,0,0,0.247933,3824,0.0279044,3824,0.0403142,3824,0.179444,3824,0.170872,3824,0.0011801,3824,0.0050079,260,0.002131,478,0.162057,3824,0.0118125,3824,0.006571,3824,0,0,0.0015462,22,0.0018312,3824,0.0037303,3824,0.0395969,3824,0.0016182,3824,0.0003809,3824,0.0926981,3824,0.0142448,3824,0.0569708,3824,0.0190061,3824,393311,3824
2055,1,1,1.1702,4.27774,10.0581,0.117939,27,5.02757,0.326352,0.120323,0.0060634,0.00337478,10.5368,0,42,7,0,197,0,0,0,0,0,0.26104,4024,0.0288656,4024,0.0427193,4024,0.189174,4024,0.180107,4024,0.0012437,4024,0.0051816,272,0.0022229,503,0.17093,4024,0.0124503,4024,0.0069368,4024,0,0,0.0015791,23,0.0019328,4024,0.0039114,4024,0.0419032,4024,0.0017089,4024,0.0004007,4024,0.0977028,4024,0.0150923,4024,0.0598977,4024,0.0201051,4024,411111,4024
2155,1,2,1.41914,3.70602,9.42286,0.124975,27,5.77668,0.4432,0.14714,0.00542365,0.00471294,11.4939,0,42,9,0,197,0,0,0,0,0,0.275777,4224,0.0303756,4224,0.0453633,4224,0.199742,4224,0.190166,4224,0.0013478,4224,0.0054565,285,0.0023391,528,0.180468,4224,0.0131523,4224,0.0073224,4224,0,0,0.0015791,23,0.0020502,4224,0.0041705,4224,0.0444891,4224,0.0018086,4224,0.0004232,4224,0.102925,4224,0.0159584,4224,0.0629978,4224,0.0212194,4224,428911,4224
2255,1,1,1.2934,3.2235,8.80292,0.101822,27,4.36267,0.313427,0.117701,0.00442546,0.00397083,8.97937,0,48,8,0,197,0,0,0,0,0,0.28631,4424,0.0312943,4424,0.0471171,4424,0.207579,4424,0.197611,4424,0.0014012,4424,0.0055975,297,0.0024316,553,0.187597,4424,0.0136584,4424,0.007614,4424,0,0,0.0015791,23,0.0021395,4424,0.0043333,4424,0.0463027,4424,0.0018843,4424,0.0004437,4424,0.106988,4424,0.0165102,4424,0.0654726,4424,0.0221035,4424,446711,4424
2355,1,0,0.90538,2.75987,8.19862,0.0865593,28,3.742,0.223872,0.0959739,0.00366117,0.00308535,7.9441,0,42,8,0,197,0,0,0,0,0,0.295735,4624,0.0320125,4624,0.0487475,4624,0.214644,4624,0.204325,4624,0.0014506,4624,0.005776,310,0.0025175,578,0.193971,4624,0.0141196,4624,0.0078934,4624,0,0,0.0016195,24,0.0022176,4624,0.0044925,4624,0.0479062,4624,0.0019546,4624,0.0004594,4624,0.110556,4624,0.0169996,4624,0.0676485,4624,0.0229105,4624,464511,4624
2455,1,0,0.633766,2.33465,7.61222,0.0852222,27,3.60343,0.277183,0.0963141,0.00350885,0.00288614,8.7149,0,40,11,0,197,0,0,0,0,0,0.304004,4824,0.0326021,4824,0.0502001,4824,0.22086,4824,0.210212,4824,0.0015027,4824,0.0059035,322,0.0025778,603,0.199585,4824,0.014554,4824,0.0081752,4824,0,0,0.0016195,24,0.0022912,4824,0.004612,4824,0.0493644,4824,0.0020278,4824,0.0004748,4824,0.113629,4824,0.0174012,4824,0.0695067,4824,0.0236369,4824,482311,4824
2555,1,9,3.14364,2.49645,7.10064,0.114738,28,3.4477,0.249488,0.0923692,0.00374156,0.0028045,7.9623,0,39,9,0,197,0,0,0,0,0,0.315387,5024,0.0333739,5024,0.051838,5024,0.229822,5024,0.21883,5024,0.0015566,5024,0.0065354,339,0.0026464,628,0.207426,5024,0.0150139,5024,0.0084511,5024,0,0,0.0016195,24,0.0023746,5024,0.0048512,5024,0.0509483,5024,0.0021144,5024,0.000494,5024,0.118628,5024,0.018061,5024,0.0729192,5024,0.0244461,5024,507779,5024
2655,1,2,2.80055,2.55727,6.6463,0.106783,27,3.24349,0.289921,0.0855013,0.00374987,0.00311811,8.09324,0,31,6,0,197,0,0,0,0,0,0.326497,5224,0.0339792,5224,0.0532386,5224,0.238915,5224,0.227596,5224,0.0016029,5224,0.0067964,351,0.002717,653,0.215791,5224,0.015407,5224,0.008706,5224,0,0,0.0016195,24,0.0024471,5224,0.0049691,5224,0.0523544,5224,0.0021888,5224,0.0005106,5224,0.124573,5224,0.0187666,5224,0.077317,5224,0.0251556,5224,539779,5224
2755,1,11,5.26038,3.09789,6.29146,0.106382,27,3.5766,0.355334,0.108727,0.00413144,0.00361096,8.36155,0,33,7,0,197,0,0,0,0,0,0.338232,5424,0.0345947,5424,0.0546575,5424,0.248605,5424,0.236938,5424,0.0016474,5424,0.007237,364,0.0027969,678,0.224545,5424,0.0158225,5424,0.008974,5424,0,0,0.0016195,24,0.0025223,5424,0.0051115,5424,0.0538494,5424,0.0022669,5424,0.0005291,5424,0.130742,5424,0.0195368,5424,0.0818352,5424,0.0259012,5424,571779,5424
2855,1,1,3.98227,3.27477,5.98979,0.110344,27,4.10526,0.338559,0.0810847,0.00418037,0.00293982,9.60858,0,40,9,0,197,0,0,0,0,0,0.349554,5624,0.0351706,5624,0.056069,5624,0.257929,5624,0.245935,5624,0.0016911,5624,0.007665,377,0.0028742,703,0.232973,5624,0.0162404,5624,0.0092331,5624,0,0,0.0016195,24,0.0025986,5624,0.0052499,5624,0.0552782,5624,0.0023319,5624,0.0005476,5624,0.136675,5624,0.0202782,5624,0.0862159,5624,0.026569,5624,603779,5624
2955,1,1,3.08759,3.23733,5.71455,0.114252,28,3.6129,0.329491,0.0793544,0.00367748,0.00328724,10.2702,0,45,9,0,197,0,0,0,0,0,0.361332,5824,0.0358401,5824,0.05753,5824,0.267567,5824,0.255221,5824,0.0017365,5824,0.0080714,392,0.0030212,728,0.24164,5824,0.0166666,5824,0.0094964,5824,0,0,0.0016195,24,0.0026754,5824,0.0053845,5824,0.0567167,5824,0.0024005,5824,0.0005666,5824,0.142824,5824,0.0210445,5824,0.0907546,5824,0.0272822,5824,635779,5824
3055,1,7,4.26131,3.44213,5.4873,0.106631,27,2.95043,0.266364,0.0754583,0.00549033,0.00290164,10.4105,0,27,5,0,197,0,0,0,0,0,0.373219,6024,0.0364656,6024,0.0591407,6024,0.277208,6024,0.264477,6024,0.0017823,6024,0.0084197,406,0.0030876,753,0.250414,6024,0.0170805,6024,0.0097559,6024,0,0,0.0016195,24,0.0027509,6024,0.0055192,6024,0.0582337,6024,0.0024648,6024,0.0005893,6024,0.149019,6024,0.0217992,6024,0.0953187,6024,0.0280205,6024,667779,6024
3155,1,8,5.38292,3.83028,5.3216,0.128719,27,3.67841,0.277434,0.0821503,0.00448295,0.00341713,10.9019,0,27,5,0,197,0,0,0,0,0,0.386359,6224,0.0371898,6224,0.0608734,6224,0.287881,6224,0.274796,6224,0.001833,6224,0.0087125,419,0.0031552,778,0.260281,6224,0.017538,6224,0.0100197,6224,0,0,0.0016195,24,0.0028307,6224,0.0056623,6224,0.0598702,6224,0.0025343,6224,0.0006077,6224,0.156124,6224,0.0226694,6224,0.10062,6224,0.0287944,6224,699779,6224
3255,1,1,4.06804,3.87784,5.17723,0.115998,28,2.8491,0.222444,0.0622663,0.00380019,0.00288901,11.4935,0,30,7,0,197,0,0,0,0,0,0.398566,6424,0.0378319,6424,0.0624135,6424,0.297895,6424,0.28446,6424,0.0018786,6424,0.0090223,431,0.0032412,803,0.26948,6424,0.0180129,6424,0.0102953,6424,0,0,0.0016195,24,0.0029101,6424,0.0058166,6424,0.0614222,6424,0.0025972,6424,0.0006267,6424,0.16261,6424,0.0234866,6424,0.105406,6424,0.029532,6424,731779,6424
3355,1,0,2.84763,3.67179,5.02668,0.153645,27,3.82757,0.386688,0.0693198,0.00441649,0.00340273,11.8292,0,30,7,0,197,0,0,0,0,0,0.411059,6624,0.0384189,6624,0.0640165,6624,0.308186,6624,0.294387,6624,0.001927,6624,0.0093955,444,0.0033177,828,0.278883,6624,0.0184587,6624,0.0105841,6624,0,0,0.0016195,24,0.0029877,6624,0.0059797,6624,0.0630292,6624,0.0026685,6624,0.0006467,6624,0.169248,6624,0.024287,6624,0.110342,6624,0.0302892,6624,763779,6624
3455,1,1,2.29334,3.3961,4.86362,0.125115,30,3.28911,0.341097,0.0732364,0.004859,0.00354629,13.287,0,25,6,0,197,0,0,0,0,0,0.42745,6824,0.0393621,6824,0.0662561,6824,0.321382,6824,0.307145,6824,0.0019922,6824,0.009825,456,0.0034275,853,0.291013,6824,0.0190525,6824,0.0109483,6824,0,0,0.0016195,24,0.0030861,6824,0.0061762,6824,0.0651281,6824,0.0027507,6824,0.0006719,6824,0.1778,6824,0.0253542,6824,0.116596,6824,0.0313375,6824,795779,6824
3555,1,0,1.60534,3.03795,4.68106,0.11366,27,3.24108,0.258669,0.0480662,0.00365935,0.00274686,10.5954,0,28,6,0,197,0,0,0,0,0,0.441959,7024,0.0400603,7024,0.0681935,7024,0.333244,7024,0.318616,7024,0.0020461,7024,0.0101467,469,0.003508,878,0.302002,7024,0.0195986,7024,0.0112724,7024,0,0,0.0016195,24,0.0031795,7024,0.0063206,7024,0.0670795,7024,0.0028321,7024,0.0006924,7024,0.185532,7024,0.0263536,7024,0.1223,7024,0.0322048,7024,827779,7024
3655,1,0,1.12374,2.65511,4.47846,0.181128,27,3.13034,0.26615,0.0570135,0.00396574,0.00324132,11.9658,0,25,7,0,197,0,0,0,0,0,0.456731,7224,0.0407793,7224,0.0701272,7224,0.345351,7224,0.330305,7224,0.0021018,7224,0.0105228,481,0.0036174,903,0.313124,7224,0.0201286,7224,0.011603,7224,0,0,0.0016195,24,0.0032707,7224,0.0064885,7224,0.0689367,7224,0.0029141,7224,0.0007138,7224,0.193465,7224,0.027472,7224,0.127985,7224,0.0331578,7224,859779,7224
3755,1,0,0.786616,2.28141,4.25876,0.112352,27,4.06924,0.392099,0.065863,0.00519375,0.00387164,12.3742,0,45,6,0,197,0,0,0,0,0,0.471846,7424,0.0415735,7424,0.0721486,7424,0.357638,7424,0.342136,7424,0.0021626,7424,0.0109239,494,0.0037179,928,0.324368,7424,0.0206962,7424,0.0119347,7424,0,0,0.0016195,24,0.0033668,7424,0.0066644,7424,0.070835,7424,0.0029945,7424,0.0007362,7424,0.201425,7424,0.028573,7424,0.133786,7424,0.0340461,7424,891779,7424
3855,1,0,0.550631,1.93525,4.02641,0.12087,27,2.64594,0.233833,0.0595842,0.00422694,0.00319534,11.1981,0,24,5,0,197,0,0,0,0,0,0.485278,7624,0.0422641,7624,0.0738972,7624,0.36862,7624,0.352734,7624,0.0022152,7624,0.0113556,506,0.0038213,953,0.334352,7624,0.02117,7624,0.0122357,7624,0,0,0.0016195,24,0.0034499,7624,0.0068188,7624,0.0726062,7624,0.0030686,7624,0.0007551,7624,0.208433,7624,0.0294381,7624,0.138994,7624,0.0348343,7624,923779,7624
3955,1,0,0.385442,1.62529,3.78629,0.116707,27,2.80236,0.216212,0.0535024,0.00386982,0.00306279,11.9843,0,25,6,0,197,0,0,0,0,0,0.498134,7824,0.0429304,7824,0.0755482,7824,0.379149,7824,0.3629,7824,0.0022756,7824,0.0116438,519,0.0038935,978,0.344074,7824,0.0217156,7824,0.0125357,7824,0,0,0.0016195,24,0.003532,7824,0.0070018,7824,0.0742465,7824,0.0031427,7824,0.0007751,7824,0.215215,7824,0.03032,7824,0.144005,7824,0.0355809,7824,955779,7824
4055,1,1,0.569809,1.4142,3.54908,0.110798,28,3.46081,0.246857,0.0514488,0.00391733,0.00285036,11.6379,0,35,6,0,197,0,0,0,0,0,0.511689,8024,0.0436179,8024,0.0772642,8024,0.390288,8024,0.373654,8024,0.0023344,8024,0.0121012,531,0.0039967,1003,0.354185,8024,0.0221981,8024,0.0128267,8024,0,0,0.0016195,24,0.0036209,8024,0.0071837,8024,0.0760404,8024,0.0032198,8024,0.0007956,8024,0.222286,8024,0.0312047,8024,0.149188,8024,0.036425,8024,987779,8024
4155,1,0,0.398866,1.21113,3.31529,0.137367,27,2.80619,0.253332,0.0519933,0.00424418,0.00314496,11.6142,0,22,4,0,197,0,0,0,0,0,0.525647,8224,0.0443449,8224,0.0789982,8224,0.401774,8224,0.384753,8224,0.0023853,8224,0.0125215,544,0.0040872,1028,0.3647,8224,0.0227032,8224,0.0131622,8224,0,0,0.0016195,24,0.0037188,8224,0.0073416,8224,0.0778089,8224,0.0032934,8224,0.0008141,8224,0.22974,8224,0.0321809,8224,0.154671,8224,0.0372721,8224,1019779,8224
4255,1,0,0.279207,1.02474,3.08623,0.180578,27,2.67752,0.260178,0.0516011,0.00490752,0.00300892,14.3654,0,20,5,0,197,0,0,0,0,0,0.540293,8424,0.0451051,8424,0.0808756,8424,0.413771,8424,0.396318,8424,0.0024412,8424,0.012919,556,0.0041774,1053,0.375697,8424,0.0232735,8424,0.0134802,8424,0,0,0.0016195,24,0.0038132,8424,0.0075151,8424,0.0797253,8424,0.0033728,8424,0.0008324,8424,0.237413,8424,0.0331904,8424,0.160275,8424,0.0381659,8424,1051779,8424
4355,1,0,0.195445,0.858885,2.8635,0.148788,27,2.75674,0.306517,0.0621185,0.00516699,0.00347205,12.9351,0,18,4,0,197,0,0,0,0,0,0.554303,8624,0.0458266,8624,0.082604,8624,0.425319,8624,0.407466,8624,0.0024936,8624,0.0132491,569,0.0042556,1078,0.38636,8624,0.0237694,8624,0.0137914,8624,0,0,0.0016195,24,0.0039017,8624,0.0076558,8624,0.0815421,8624,0.0034486,8624,0.0008515,8624,0.245027,8624,0.0341793,8624,0.165922,8624,0.0389814,8624,1083779,8624
4455,1,0,0.136811,0.71447,2.6486,0.14267,30,3.3872,0.248329,0.0595841,0.00456619,0.00339815,12.884,0,32,7,0,197,0,0,0,0,0,0.569829,8824,0.0465691,8824,0.0845519,8824,0.438143,8824,0.419855,8824,0.0025537,8824,0.0136053,581,0.0043517,1103,0.398212,8824,0.0243615,8824,0.0141353,8824,0,0,0.0016195,24,0.0039982,8824,0.0078613,8824,0.0836019,8824,0.0035277,8824,0.0008724,8824,0.253372,8824,0.0353181,8824,0.171967,8824,0.0399356,8824,1115779,8824
4555,1,1,0.395768,0.65073,2.44881,0.180248,27,2.60856,0.263056,0.0525892,0.00420322,0.00309946,13.9461,0,22,6,0,197,0,0,0,0,0,0.585555,9024,0.0473694,9024,0.0864608,9024,0.451148,9024,0.43242,9024,0.0026141,9024,0.0140144,594,0.0044739,1128,0.410158,9024,0.0249909,9024,0.0144574,9024,0,0,0.0016195,24,0.0040918,9024,0.0080473,9024,0.0855531,9024,0.003614,9024,0.0008936,9024,0.261916,9024,0.0364257,9024,0.178309,9024,0.0408508,9024,1147779,9024
4655,1,1,0.577037,0.635991,2.26753,0.188702,34,2.63953,0.277991,0.0694721,0.00455105,0.00477697,15.6487,0,20,4,0,197,0,0,0,0,0,0.601641,9224,0.0482343,9224,0.0885159,9224,0.464301,9224,0.445142,9224,0.0026744,9224,0.0145509,606,0.0045801,1153,0.422153,9224,0.025573,9224,0.0148009,9224,0,0,0.0016195,24,0.0041979,9224,0.0082479,9224,0.0876258,9224,0.0036982,9224,0.0009156,9224,0.270369,9224,0.0374952,9224,0.18455,9224,0.0418073,9224,1179779,9224
4755,1,0,0.403926,0.589578,2.09973,0.112103,27,2.42948,0.241506,0.0538927,0.00431907,0.0031662,11.8968,0,21,5,0,197,0,0,0,0,0,0.615339,9424,0.0489801,9424,0.0902497,9424,0.475509,9424,0.455953,9424,0.0027343,9424,0.0148774,619,0.0046644,1178,0.432469,9424,0.0260706,9424,0.0151076,9424,0,0,0.0016195,24,0.0042833,9424,0.0084109,9424,0.089395,9424,0.0037715,9424,0.0009345,9424,0.277669,9424,0.0384427,9424,0.189938,9424,0.042616,9424,1211779,9424
4855,1,0,0.282748,0.528212,1.94258,0.165966,30,2.68183,0.260261,0.0587371,0.00457942,0.00337343,13.1042,0,17,5,0,197,0,0,0,0,0,0.629049,9624,0.0497055,9624,0.0919985,9624,0.486732,9624,0.466783,9624,0.002788,9624,0.0152087,631,0.0047516,1203,0.442802,9624,0.0265881,9624,0.0154269,9624,0,0,0.0016195,24,0.0043682,9624,0.0085702,9624,0.0911556,9624,0.0038457,9624,0.0009544,9624,0.284958,9624,0.0393855,9624,0.195306,9624,0.0434477,9624,1243779,9624
4955,1,0,0.197924,0.462155,1.79454,0.121262,27,2.26338,0.241174,0.0494751,0.00362339,0.00287289,11.3874,0,20,6,0,197,0,0,0,0,0,0.641952,9824,0.0503127,9824,0.0936061,9824,0.49741,9824,0.477077,9824,0.0028451,9824,0.0155522,644,0.0048346,1228,0.45259,9824,0.0270557,9824,0.015711,9824,0,0,0.0016195,24,0.0044575,9824,0.0087064,9824,0.0928244,9824,0.0039157,9824,0.0009772,9824,0.291912,9824,0.0402027,9824,0.200415,9824,0.0443154,9824,1275779,9824
5055,1,0,0.138547,0.397433,1.65483,0.124252,27,2.23322,0.205943,0.0475065,0.00350905,0.0028141,11.4515,0,29,7,0,197,0,0,0,0,0,0.654324,10024,0.0508977,10024,0.0952012,10024,0.507591,10024,0.4869,10024,0.002895,10024,0.0158212,656,0.0049073,1253,0.461997,10024,0.0275085,10024,0.0159901,10024,0,0,0.0016195,24,0.0045326,10024,0.0088652,10024,0.09443,10024,0.0039828,10024,0.0009957,10024,0.298573,10024,0.0410175,10024,0.205381,10024,0.0450538,10024,1307779,10024
5155,1,0,0.0969827,0.337343,1.52308,0.196388,27,2.70956,0.262054,0.0558216,0.00447639,0.00306755,13.1106,0,20,5,0,197,0,0,0,0,0,0.668206,10224,0.051581,10224,0.096883,10224,0.519097,10224,0.497993,10224,0.0029488,10224,0.016189,669,0.0049888,1278,0.472564,10224,0.0279898,10224,0.0162979,10224,0,0,0.0016195,24,0.0046245,10224,0.009062,10224,0.096217,10224,0.0040592,10224,0.0010253,10224,0.306068,10224,0.0420206,10224,0.210832,10224,0.045943,10224,1339779,10224
5255,1,0,0.0678879,0.283452,1.39912,0.11368,28,2.33517,0.258232,0.0484836,0.00400517,0.00294686,11.9326,0,18,6,0,197,0,0,0,0,0,0.68322,10424,0.0523047,10424,0.0987388,10424,0.53152,10424,0.510024,10424,0.0030051,10424,0.0165606,681,0.0050913,1303,0.484041,10424,0.0285098,10424,0.0166376,10424,0,0,0.0016321,25,0.0047128,10424,0.0092368,10424,0.0981744,10424,0.0041416,10424,0.0010475,10424,0.314232,10424,0.043169,10424,0.21665,10424,0.0469351,10424,1371779,10424
5355,1,0,0.0475215,0.236266,1.28283,0.178591,27,2.18204,0.212188,0.0554753,0.00467073,0.00349943,13.4834,0,16,4,0,197,0,0,0,0,0,0.699751,10624,0.0530754,10624,0.100892,10624,0.545117,10624,0.52314,10624,0.0030636,10624,0.016925,694,0.0051811,1328,0.49662,10624,0.0290929,10624,0.0169922,10624,0,0,0.0016321,25,0.0048144,10624,0.0094079,10624,0.100268,10624,0.0042262,10624,0.00107,10624,0.323262,10624,0.0443569,10624,0.223322,10624,0.0478944,10624,1403779,10624
5455,1,1,0.333265,0.255666,1.18011,0.207148,30,2.77579,0.366282,0.0778383,0.00868932,0.00441812,14.1475,0,17,5,0,197,0,0,0,0,0,0.71589,10824,0.0538773,10824,0.102965,10824,0.55837,10824,0.535918,10824,0.0031239,10824,0.0173583,706,0.0052787,1353,0.50878,10824,0.0296703,10824,0.0173644,10824,0,0,0.0016321,25,0.0049105,10824,0.0096188,10824,0.10233,10824,0.0043088,10824,0.0010925,10824,0.331883,10824,0.0454807,10824,0.229608,10824,0.0489138,10824,1435779,10824
5555,1,0,0.233286,0.25119,1.08722,0.117479,28,2.22111,0.235069,0.0570825,0.0040594,0.0037334,12.8655,0,20,5,0,197,0,0,0,0,0,0.72887,11024,0.0544884,11024,0.104595,11024,0.569098,11024,0.546258,11024,0.0031745,11024,0.017684,719,0.0053692,1378,0.518628,11024,0.0301324,11024,0.017675,11024,0,0,0.0016526,26,0.0049931,11024,0.0098003,11024,0.104037,11024,0.004398,11024,0.0011129,11024,0.338728,11024,0.0463361,11024,0.234679,11024,0.049685,11024,1467779,11024
5655,1,0,0.1633,0.233612,1.00186,0.102549,30,1.98177,0.212627,0.0423219,0.00322264,0.00301815,10.5848,0,18,5,0,197,0,0,0,0,0,0.73929,11224,0.0549428,11224,0.105804,11224,0.577844,11224,0.554707,11224,0.0032187,11224,0.0179194,731,0.0054315,1403,0.526712,11224,0.0305419,11224,0.0179628,11224,0,0,0.0016526,26,0.00508,11224,0.0099168,11224,0.105544,11224,0.0044605,11224,0.0011311,11224,0.344241,11224,0.0469799,11224,0.23877,11224,0.0503341,11224,1499779,11224
5755,1,0,0.11431,0.209751,0.92265,0.140888,28,2.11452,0.182094,0.049064,0.00404025,0.00277593,11.4589,0,19,5,0,197,0,0,0,0,0,0.752065,11424,0.0555396,11424,0.107447,11424,0.588369,11424,0.564869,11424,0.0032722,11424,0.0182621,744,0.0055108,1428,0.536374,11424,0.0310093,11424,0.0182466,11424,0,0,0.0016526,26,0.0051671,11424,0.0100729,11424,0.107256,11424,0.0045302,11424,0.0011509,11424,0.351003,11424,0.0478759,11424,0.24371,11424,0.0511051,11424,1531779,11424
5855,1,0,0.0800169,0.183804,0.848766,0.172001,28,1.80463,0.182244,0.0582932,0.003837,0.00317144,11.5691,0,17,4,0,197,0,0,0,0,0,0.767161,11624,0.0562508,11624,0.109472,11624,0.600718,11624,0.576803,11624,0.0033301,11624,0.0186539,756,0.0056084,1453,0.547733,11624,0.0315351,11624,0.0186023,11624,0,0,0.0016526,26,0.0052594,11624,0.0102784,11624,0.109151,11624,0.0046106,11624,0.0011715,11624,0.359082,11624,0.0489632,11624,0.249642,11624,0.0519977,11624,1563779,11624
5955,1,0,0.0560119,0.158246,0.779714,0.184593,27,2.43704,0.198989,0.0617374,0.00562706,0.00361154,15.0068,0,17,4,0,197,0,0,0,0,0,0.783959,11824,0.0570668,11824,0.111773,11824,0.614386,11824,0.590002,11824,0.0033889,11824,0.0190862,769,0.0057053,1478,0.560316,11824,0.0322665,11824,0.0189571,11824,0,0,0.0016526,26,0.005387,11824,0.0104533,11824,0.111463,11824,0.0047394,11824,0.0011943,11824,0.3677,11824,0.0500765,11824,0.255974,11824,0.0529796,11824,1595779,11824
6055,1,1,0.339208,0.194438,0.721186,0.121788,27,2.33018,0.198288,0.0522758,0.00461006,0.00308633,15.2999,0,17,6,0,197,0,0,0,0,0,0.800791,12024,0.0578823,12024,0.113983,12024,0.628152,12024,0.60324,12024,0.0034453,12024,0.0194029,782,0.0058173,1503,0.573041,12024,0.0328871,12024,0.0193041,12024,0,0,0.0016526,26,0.0054787,12024,0.0106207,12024,0.113741,12024,0.0048837,12024,0.0012161,12024,0.376593,12024,0.0511981,12024,0.262555,12024,0.0539447,12024,1627779,12024
